Teaching Area,Certificate,Graduate Program,Undergraduate Program,Joint Program,Website
Business Analytics Certificate,1,0,0,Harvard Business School,https://analytics.hbs.edu/
Leading in AI: Exploring Technology & Policy,1,0,0,Harvard Kennedy School,https://www.hks.harvard.edu/educational-programs/executive-education/leading-artificial-intelligence
Applied Computation,0,1,0,,https://www.seas.harvard.edu/applied-computation
Applied Mathematics,0,1,1,,https://www.seas.harvard.edu/applied-mathematics
Applied Physics,0,1,0,,https://www.seas.harvard.edu/applied-physics
Bioengineering,0,1,1,,https://www.seas.harvard.edu/bioengineering
Computer Science,0,1,1,,https://www.seas.harvard.edu/computer-science
Electrical Engineering,0,1,1,,https://www.seas.harvard.edu/electrical-engineering
Environmental Science & Engineering,0,1,1,,https://www.seas.harvard.edu/environmental-science-engineering
Materials Science & Mechanical Engineering,0,1,1,,https://www.seas.harvard.edu/materials-science-mechanical-engineering
Master in Design Engineering,0,1,0,Harvard University Graduate School of Design,https://mde.harvard.edu/
MS/MBA: Engineering Sciences,0,1,0,Harvad Business School,https://www.hbs.edu/mba/academic-experience/joint-degree-programs/school-of-engineering-and-applied-sciences/Pages/default.aspx